FH_3274G024BP4,FH_32A_R*,FH_32ALN_R*,FH_32_3_R*,FH_32_3R_R*,FH_38A_R*,FH_38_1_R*,FH_38_1S_R*,FH_38_2_R*,FH_38_2S_R*,FH_32GPT_R*,FH_42GPT_R*
FH_2264W012BP4,FH_26_1R_R*,FH_30_1S_R*,FH_32A_R*,FH_32ALN_R*,FH_32_3R_R*,FH_22GPT_R*,FH_32GPT_R*
FH_2264W024BP4,FH_26_1R_R*,FH_30_1S_R*,FH_32A_R*,FH_32ALN_R*,FH_32_3R_R*,FH_22GPT_R*,FH_32GPT_R*
FH_2264W048BP4,FH_26_1R_R*,FH_30_1S_R*,FH_32A_R*,FH_32ALN_R*,FH_32_3R_R*,FH_22GPT_R*,FH_32GPT_R*
FH_2214S006BXTH,FH_03A_R*,FH_06A_R*,FH_06_1_R*,FH_08_1_R*,FH_08_2_R*,FH_08_3_R*,FH_10_1_R*,FH_12_3_R*,FH_12_4_R*,FH_12_5_R*,FH_15_10_R*,FH_16_7_R*,FH_17_1_R*,FH_20_1R_R*,FH_22F_R*,FH_22_7_R*,FH_23_1_R*,FH_26A_R*,FH_26_1_R*,FH_26_1R_R*,FH_30_1_R*,FH_30_1S_R*,FH_32A_R*,FH_32ALN_R*,FH_32_3_R*,FH_32_3R_R*,FH_38A_R*,FH_38_1_R*,FH_38_1S_R*,FH_38_2_R*,FH_38_2S_R*,FH_44_1_R*,FH_22GPT_R*,FH_32GPT_R*,FH_42GPT_R*
FH_2214S012BXTH,FH_03A_R*,FH_06A_R*,FH_06_1_R*,FH_08_1_R*,FH_08_2_R*,FH_08_3_R*,FH_10_1_R*,FH_12_3_R*,FH_12_4_R*,FH_12_5_R*,FH_15_10_R*,FH_16_7_R*,FH_17_1_R*,FH_20_1R_R*,FH_22F_R*,FH_22_7_R*,FH_23_1_R*,FH_26A_R*,FH_26_1_R*,FH_26_1R_R*,FH_30_1_R*,FH_30_1S_R*,FH_32A_R*,FH_32ALN_R*,FH_32_3_R*,FH_32_3R_R*,FH_38A_R*,FH_38_1_R*,FH_38_1S_R*,FH_38_2_R*,FH_38_2S_R*,FH_44_1_R*,FH_22GPT_R*,FH_32GPT_R*,FH_42GPT_R*
FH_2214S024BXTH,FH_03A_R*,FH_06A_R*,FH_06_1_R*,FH_08_1_R*,FH_08_2_R*,FH_08_3_R*,FH_10_1_R*,FH_12_3_R*,FH_12_4_R*,FH_12_5_R*,FH_15_10_R*,FH_16_7_R*,FH_17_1_R*,FH_20_1R_R*,FH_22F_R*,FH_22_7_R*,FH_23_1_R*,FH_26A_R*,FH_26_1_R*,FH_26_1R_R*,FH_30_1_R*,FH_30_1S_R*,FH_32A_R*,FH_32ALN_R*,FH_32_3_R*,FH_32_3R_R*,FH_38A_R*,FH_38_1_R*,FH_38_1S_R*,FH_38_2_R*,FH_38_2S_R*,FH_44_1_R*,FH_22GPT_R*,FH_32GPT_R*,FH_42GPT_R*
FH_3216W009BXTH,FH_38A_R*,FH_44_1_R*
FH_3216W012BXTH,FH_38A_R*,FH_44_1_R*
FH_3216W024BXTH,FH_38A_R*,FH_44_1_R*
FH_4221G018BXTH,FH_38A_R*,FH_44_1_R*
FH_4221G024BXTH,FH_38A_R*,FH_44_1_R*
FH_4221G048BXTH,FH_38A_R*,FH_44_1_R*
FH_3242G012BX4,FH_32A_R*,FH_32ALN_R*,FH_32_3_R*,FH_32_3R_R*,FH_38A_R*,FH_38_1_R*,FH_38_1S_R*,FH_38_2_R*,FH_38_2S_R*,FH_32GPT_R*,FH_42GPT_R*
FH_3242G018BX4,FH_32A_R*,FH_32ALN_R*,FH_32_3_R*,FH_32_3R_R*,FH_38A_R*,FH_38_1_R*,FH_38_1S_R*,FH_38_2_R*,FH_38_2S_R*,FH_32GPT_R*,FH_42GPT_R*
FH_3242G024BX4,FH_32A_R*,FH_32ALN_R*,FH_32_3_R*,FH_32_3R_R*,FH_38A_R*,FH_38_1_R*,FH_38_1S_R*,FH_38_2_R*,FH_38_2S_R*,FH_32GPT_R*,FH_42GPT_R*
FH_3242G036BX4,FH_32A_R*,FH_32ALN_R*,FH_32_3_R*,FH_32_3R_R*,FH_38A_R*,FH_38_1_R*,FH_38_1S_R*,FH_38_2_R*,FH_38_2S_R*,FH_32GPT_R*,FH_42GPT_R*
FH_3242G042BX4,FH_32A_R*,FH_32ALN_R*,FH_32_3_R*,FH_32_3R_R*,FH_38A_R*,FH_38_1_R*,FH_38_1S_R*,FH_38_2_R*,FH_38_2S_R*,FH_32GPT_R*,FH_42GPT_R*
FH_3242G048BX4,FH_32A_R*,FH_32ALN_R*,FH_32_3_R*,FH_32_3R_R*,FH_38A_R*,FH_38_1_R*,FH_38_1S_R*,FH_38_2_R*,FH_38_2S_R*,FH_32GPT_R*,FH_42GPT_R*
FH_3268G018BX4,FH_32A_R*,FH_32ALN_R*,FH_32_3_R*,FH_32_3R_R*,FH_38A_R*,FH_38_1_R*,FH_38_1S_R*,FH_38_2_R*,FH_38_2S_R*,FH_32GPT_R*,FH_42GPT_R*
FH_3268G024BX4,FH_32A_R*,FH_32ALN_R*,FH_32_3_R*,FH_32_3R_R*,FH_38A_R*,FH_38_1_R*,FH_38_1S_R*,FH_38_2_R*,FH_38_2S_R*,FH_32GPT_R*,FH_42GPT_R*
FH_3268G030BX4,FH_32A_R*,FH_32ALN_R*,FH_32_3_R*,FH_32_3R_R*,FH_38A_R*,FH_38_1_R*,FH_38_1S_R*,FH_38_2_R*,FH_38_2S_R*,FH_32GPT_R*,FH_42GPT_R*
FH_3268G036BX4,FH_32A_R*,FH_32ALN_R*,FH_32_3_R*,FH_32_3R_R*,FH_38A_R*,FH_38_1_R*,FH_38_1S_R*,FH_38_2_R*,FH_38_2S_R*,FH_32GPT_R*,FH_42GPT_R*
FH_3268G042BX4,FH_32A_R*,FH_32ALN_R*,FH_32_3_R*,FH_32_3R_R*,FH_38A_R*,FH_38_1_R*,FH_38_1S_R*,FH_38_2_R*,FH_38_2S_R*,FH_32GPT_R*,FH_42GPT_R*
FH_3268G048BX4,FH_32A_R*,FH_32ALN_R*,FH_32_3_R*,FH_32_3R_R*,FH_38A_R*,FH_38_1_R*,FH_38_1S_R*,FH_38_2_R*,FH_38_2S_R*,FH_32GPT_R*,FH_42GPT_R*
FH_2250S012BX4,FH_22F_R*,FH_22_7_R*,FH_26A_R*
FH_2250S018BX4,FH_22F_R*,FH_22_7_R*,FH_26A_R*
FH_2250S024BX4,FH_22F_R*,FH_22_7_R*,FH_26A_R*
FH_2232S006BX4,FH_22F_R*,FH_22_7_R*,FH_26A_R*,FH_22GPT_R*
FH_2232S012BX4,FH_22F_R*,FH_22_7_R*,FH_26A_R*,FH_22GPT_R*
FH_2232S015BX4,FH_22F_R*,FH_22_7_R*,FH_26A_R*,FH_22GPT_R*
FH_2232S018BX4,FH_22F_R*,FH_22_7_R*,FH_26A_R*,FH_22GPT_R*
FH_2232S024BX4,FH_22F_R*,FH_22_7_R*,FH_26A_R*,FH_22GPT_R*
FH_1226S006B,FH_10_1_R*,FH_12_3_R*,FH_12_4_R*,FH_12_5_R*
FH_1226S012B,FH_10_1_R*,FH_12_3_R*,FH_12_4_R*,FH_12_5_R*
FH_1226S024B,FH_10_1_R*,FH_12_3_R*,FH_12_4_R*,FH_12_5_R*
FH_1628T012B,FH_15_10_R*,FH_16_7_R*,FH_17_1_R*
FH_1628T024B,FH_15_10_R*,FH_16_7_R*,FH_17_1_R*
FH_4490H024BS,FH_38A_R*,FH_44_1_R*,FH_42GPT_R*
FH_4490H036BS,FH_38A_R*,FH_44_1_R*,FH_42GPT_R*
FH_4490H048BS,FH_38A_R*,FH_44_1_R*,FH_42GPT_R*
FH_2444S024B,FH_22_7_R*,FH_23_1_R*,FH_26_1_R*,FH_26_1R_R*,FH_30_1_R*,FH_30_1S_R*,FH_22GPT_R*
FH_2444S048B,FH_22_7_R*,FH_23_1_R*,FH_26_1_R*,FH_26_1R_R*,FH_30_1_R*,FH_30_1S_R*,FH_22GPT_R*
FH_0620K006B,FH_06_1_R*
FH_0620K012B,FH_06_1_R*
FH_2057S024BA,FH_20_1R_R*,FH_23_1_R*,FH_22GPT_R*
FH_2036U012B,FH_20_1R_R*,FH_22GPT_R*
FH_2036U024B,FH_20_1R_R*,FH_22GPT_R*
FH_2036U036B,FH_20_1R_R*,FH_22GPT_R*
FH_2036U048B,FH_20_1R_R*,FH_22GPT_R*
FH_3564K012B,FH_30_1_R*,FH_30_1S_R*,FH_32_3_R*,FH_32_3R_R*,FH_38A_R*,FH_38_1_R*,FH_38_1S_R*,FH_38_2_R*,FH_38_2S_R*,FH_32GPT_R*,FH_42GPT_R*
FH_3564K024B,FH_30_1_R*,FH_30_1S_R*,FH_32_3_R*,FH_32_3R_R*,FH_38A_R*,FH_38_1_R*,FH_38_1S_R*,FH_38_2_R*,FH_38_2S_R*,FH_32GPT_R*,FH_42GPT_R*
FH_3564K036B,FH_30_1_R*,FH_30_1S_R*,FH_32_3_R*,FH_32_3R_R*,FH_38A_R*,FH_38_1_R*,FH_38_1S_R*,FH_38_2_R*,FH_38_2S_R*,FH_32GPT_R*,FH_42GPT_R*
FH_3564K048B,FH_30_1_R*,FH_30_1S_R*,FH_32_3_R*,FH_32_3R_R*,FH_38A_R*,FH_38_1_R*,FH_38_1S_R*,FH_38_2_R*,FH_38_2S_R*,FH_32GPT_R*,FH_42GPT_R*
FH_1218S006B,FH_10_1_R*,FH_12_3_R*,FH_12_4_R*,FH_12_5_R*
FH_1218S012B,FH_10_1_R*,FH_12_3_R*,FH_12_4_R*,FH_12_5_R*
FH_0824K006B,FH_08_1_R*,FH_08_2_R*,FH_08_3_R*,FH_10_1_R*
FH_0824K012B,FH_08_1_R*,FH_08_2_R*,FH_08_3_R*,FH_10_1_R*
FH_1028S006B,FH_10_1_R*,FH_12_3_R*,FH_12_4_R*,FH_12_5_R*
FH_1028S012B,FH_10_1_R*,FH_12_3_R*,FH_12_4_R*,FH_12_5_R*
FH_3056K012B,FH_30_1_R*,FH_30_1S_R*,FH_38_1_R*,FH_38_1S_R*,FH_38_2_R*,FH_38_2S_R*,FH_32GPT_R*
FH_3056K024B,FH_30_1_R*,FH_30_1S_R*,FH_38_1_R*,FH_38_1S_R*,FH_38_2_R*,FH_38_2S_R*,FH_32GPT_R*
FH_3056K036B,FH_30_1_R*,FH_30_1S_R*,FH_38_1_R*,FH_38_1S_R*,FH_38_2_R*,FH_38_2S_R*,FH_32GPT_R*
FH_3056K048B,FH_30_1_R*,FH_30_1S_R*,FH_38_1_R*,FH_38_1S_R*,FH_38_2_R*,FH_38_2S_R*,FH_32GPT_R*
FH_1645S024BHS,FH_15_10_R*,FH_17_1_R*,FH_20_1R_R*
FH_1645S036BHS,FH_15_10_R*,FH_17_1_R*,FH_20_1R_R*
FH_1645S048BHS,FH_15_10_R*,FH_17_1_R*,FH_20_1R_R*
FH_1660S024BHT,FH_15_10_R*,FH_17_1_R*,FH_20_1R_R*
FH_1660S036BHT,FH_15_10_R*,FH_17_1_R*,FH_20_1R_R*
FH_1660S048BHT,FH_15_10_R*,FH_17_1_R*,FH_20_1R_R*
FH_2610T006B,FH_38A_R*,FH_44_1_R*
FH_2610T012B,FH_38A_R*,FH_44_1_R*
FH_1509T006B,FH_03A_R*,FH_06A_R*,FH_06_1_R*,FH_08_1_R*,FH_08_2_R*,FH_08_3_R*,FH_10_1_R*,FH_12_3_R*,FH_12_4_R*,FH_12_5_R*,FH_15_10_R*,FH_16_7_R*,FH_17_1_R*,FH_20_1R_R*,FH_22F_R*,FH_22_7_R*,FH_23_1_R*,FH_26A_R*,FH_26_1_R*,FH_26_1R_R*,FH_30_1_R*,FH_30_1S_R*,FH_32A_R*,FH_32ALN_R*,FH_32_3_R*,FH_32_3R_R*,FH_38A_R*,FH_38_1_R*,FH_38_1S_R*,FH_38_2_R*,FH_38_2S_R*,FH_44_1_R*,FH_22GPT_R*,FH_32GPT_R*,FH_42GPT_R*
FH_1509T012B,FH_03A_R*,FH_06A_R*,FH_06_1_R*,FH_08_1_R*,FH_08_2_R*,FH_08_3_R*,FH_10_1_R*,FH_12_3_R*,FH_12_4_R*,FH_12_5_R*,FH_15_10_R*,FH_16_7_R*,FH_17_1_R*,FH_20_1R_R*,FH_22F_R*,FH_22_7_R*,FH_23_1_R*,FH_26A_R*,FH_26_1_R*,FH_26_1R_R*,FH_30_1_R*,FH_30_1S_R*,FH_32A_R*,FH_32ALN_R*,FH_32_3_R*,FH_32_3R_R*,FH_38A_R*,FH_38_1_R*,FH_38_1S_R*,FH_38_2_R*,FH_38_2S_R*,FH_44_1_R*,FH_22GPT_R*,FH_32GPT_R*,FH_42GPT_R*
FH_0308H003B,FH_03A_R*
FH_0515G006B,FH_06A_R*,FH_06_1_R*
FH_2657W012CXR,FH_26A_R*,FH_26_1_R*,FH_26_1R_R*,FH_30_1_R*,FH_30_1S_R*,FH_32A_R*,FH_22GPT_R*,FH_32GPT_R*
FH_2657W018CXR,FH_26A_R*,FH_26_1_R*,FH_26_1R_R*,FH_30_1_R*,FH_30_1S_R*,FH_32A_R*,FH_22GPT_R*,FH_32GPT_R*
FH_2657W024CXR,FH_26A_R*,FH_26_1_R*,FH_26_1R_R*,FH_30_1_R*,FH_30_1S_R*,FH_32A_R*,FH_22GPT_R*,FH_32GPT_R*
FH_2657W030CXR,FH_26A_R*,FH_26_1_R*,FH_26_1R_R*,FH_30_1_R*,FH_30_1S_R*,FH_32A_R*,FH_22GPT_R*,FH_32GPT_R*
FH_2657W036CXR,FH_26A_R*,FH_26_1_R*,FH_26_1R_R*,FH_30_1_R*,FH_30_1S_R*,FH_32A_R*,FH_22GPT_R*,FH_32GPT_R*
FH_2657W048CXR,FH_26A_R*,FH_26_1_R*,FH_26_1R_R*,FH_30_1_R*,FH_30_1S_R*,FH_32A_R*,FH_22GPT_R*,FH_32GPT_R*
FH_1336U006CXR,FH_13A_R*,FH_14_1_R*
FH_1336U012CXR,FH_13A_R*,FH_14_1_R*
FH_1336U018CXR,FH_13A_R*,FH_14_1_R*
FH_1336U024CXR,FH_13A_R*,FH_14_1_R*
FH_1727U006CXR,FH_15_10_R*,FH_16_7_R*,FH_17_1_R*
FH_1727U012CXR,FH_15_10_R*,FH_16_7_R*,FH_17_1_R*
FH_1727U024CXR,FH_15_10_R*,FH_16_7_R*,FH_17_1_R*
FH_1741U006CXR,FH_15_10_R*,FH_16_7_R*,FH_17_1_R*,FH_20_1R_R*
FH_1741U012CXR,FH_15_10_R*,FH_16_7_R*,FH_17_1_R*,FH_20_1R_R*
FH_1741U018CXR,FH_15_10_R*,FH_16_7_R*,FH_17_1_R*,FH_20_1R_R*
FH_1741U024CXR,FH_15_10_R*,FH_16_7_R*,FH_17_1_R*,FH_20_1R_R*
FH_2237S006CXR,FH_22F_R*,FH_22_7_R*,FH_23_1_R*,FH_26A_R*,FH_22GPT_R*,FH_22E_R*,FH_22EKV_R*
FH_2237S012CXR,FH_22F_R*,FH_22_7_R*,FH_23_1_R*,FH_26A_R*,FH_22GPT_R*,FH_22E_R*,FH_22EKV_R*
FH_2237S018CXR,FH_22F_R*,FH_22_7_R*,FH_23_1_R*,FH_26A_R*,FH_22GPT_R*,FH_22E_R*,FH_22EKV_R*
FH_2237S024CXR,FH_22F_R*,FH_22_7_R*,FH_23_1_R*,FH_26A_R*,FH_22GPT_R*,FH_22E_R*,FH_22EKV_R*
FH_2237S036CXR,FH_22F_R*,FH_22_7_R*,FH_23_1_R*,FH_26A_R*,FH_22GPT_R*,FH_22E_R*,FH_22EKV_R*
FH_2237S048CXR,FH_22F_R*,FH_22_7_R*,FH_23_1_R*,FH_26A_R*,FH_22GPT_R*,FH_22E_R*,FH_22EKV_R*
FH_2642W012CXR,FH_26A_R*,FH_26_1_R*,FH_26_1R_R*,FH_30_1_R*,FH_30_1S_R*,FH_32A_R*,FH_22GPT_R*,FH_32GPT_R*
FH_2642W015CXR,FH_26A_R*,FH_26_1_R*,FH_26_1R_R*,FH_30_1_R*,FH_30_1S_R*,FH_32A_R*,FH_22GPT_R*,FH_32GPT_R*
FH_2642W018CXR,FH_26A_R*,FH_26_1_R*,FH_26_1R_R*,FH_30_1_R*,FH_30_1S_R*,FH_32A_R*,FH_22GPT_R*,FH_32GPT_R*
FH_2642W024CXR,FH_26A_R*,FH_26_1_R*,FH_26_1R_R*,FH_30_1_R*,FH_30_1S_R*,FH_32A_R*,FH_22GPT_R*,FH_32GPT_R*
FH_2642W036CXR,FH_26A_R*,FH_26_1_R*,FH_26_1R_R*,FH_30_1_R*,FH_30_1S_R*,FH_32A_R*,FH_22GPT_R*,FH_32GPT_R*
FH_2642W048CXR,FH_26A_R*,FH_26_1_R*,FH_26_1R_R*,FH_30_1_R*,FH_30_1S_R*,FH_32A_R*,FH_22GPT_R*,FH_32GPT_R*
FH_2230T003S,FH_22_7_R*,FH_23_1_R*,FH_22E_R*,FH_22EKV_R*,FH_22_2_R*,FH_22_5_R*
FH_2230T006S,FH_22_7_R*,FH_23_1_R*,FH_22E_R*,FH_22EKV_R*,FH_22_2_R*,FH_22_5_R*
FH_2230T012S,FH_22_7_R*,FH_23_1_R*,FH_22E_R*,FH_22EKV_R*,FH_22_2_R*,FH_22_5_R*
FH_2230T015S,FH_22_7_R*,FH_23_1_R*,FH_22E_R*,FH_22EKV_R*,FH_22_2_R*,FH_22_5_R*
FH_2230T024S,FH_22_7_R*,FH_23_1_R*,FH_22E_R*,FH_22EKV_R*,FH_22_2_R*,FH_22_5_R*
FH_2230T040S,FH_22_7_R*,FH_23_1_R*,FH_22E_R*,FH_22EKV_R*,FH_22_2_R*,FH_22_5_R*
FH_0615N1.5S,FH_06_1_R*
FH_0615N003S,FH_06_1_R*
FH_0615N4.5S,FH_06_1_R*
FH_1516T1.5S,FH_15_10_R*,FH_16_7_R*,FH_15A_R*,FH_15_5_R*,FH_15_5S_R*,FH_15_8_R*,FH_16A_R*
FH_1516T002S,FH_15_10_R*,FH_16_7_R*,FH_15A_R*,FH_15_5_R*,FH_15_5S_R*,FH_15_8_R*,FH_16A_R*
FH_1516T4.5S,FH_15_10_R*,FH_16_7_R*,FH_15A_R*,FH_15_5_R*,FH_15_5S_R*,FH_15_8_R*,FH_16A_R*
FH_1516T006S,FH_15_10_R*,FH_16_7_R*,FH_15A_R*,FH_15_5_R*,FH_15_5S_R*,FH_15_8_R*,FH_16A_R*
FH_1516T012S,FH_15_10_R*,FH_16_7_R*,FH_15A_R*,FH_15_5_R*,FH_15_5S_R*,FH_15_8_R*,FH_16A_R*
FH_1219N4.5G,FH_10_1_R*,FH_12_3_R*
FH_1219N006G,FH_10_1_R*,FH_12_3_R*
FH_1219N012G,FH_10_1_R*,FH_12_3_R*
FH_1219N015G,FH_10_1_R*,FH_12_3_R*
FH_2233T4.5S,FH_22_7_R*,FH_23_1_R*,FH_22E_R*,FH_22EKV_R*,FH_22_2_R*,FH_22_5_R*
FH_2233T006S,FH_22_7_R*,FH_23_1_R*,FH_22E_R*,FH_22EKV_R*,FH_22_2_R*,FH_22_5_R*
FH_2233T012S,FH_22_7_R*,FH_23_1_R*,FH_22E_R*,FH_22EKV_R*,FH_22_2_R*,FH_22_5_R*
FH_2233T018S,FH_22_7_R*,FH_23_1_R*,FH_22E_R*,FH_22EKV_R*,FH_22_2_R*,FH_22_5_R*
FH_2233T024S,FH_22_7_R*,FH_23_1_R*,FH_22E_R*,FH_22EKV_R*,FH_22_2_R*,FH_22_5_R*
FH_2233T030S,FH_22_7_R*,FH_23_1_R*,FH_22E_R*,FH_22EKV_R*,FH_22_2_R*,FH_22_5_R*
FH_1624T003S,FH_15_10_R*,FH_16_7_R*,FH_17_1_R*,FH_15A_R*,FH_16A_R*,FH_16_5_R*,FH_16_5S_R*,FH_16_8_R*
FH_1624T006S,FH_15_10_R*,FH_16_7_R*,FH_17_1_R*,FH_15A_R*,FH_16A_R*,FH_16_5_R*,FH_16_5S_R*,FH_16_8_R*
FH_1624T009S,FH_15_10_R*,FH_16_7_R*,FH_17_1_R*,FH_15A_R*,FH_16A_R*,FH_16_5_R*,FH_16_5S_R*,FH_16_8_R*
FH_1624T012S,FH_15_10_R*,FH_16_7_R*,FH_17_1_R*,FH_15A_R*,FH_16A_R*,FH_16_5_R*,FH_16_5S_R*,FH_16_8_R*
FH_1624T018S,FH_15_10_R*,FH_16_7_R*,FH_17_1_R*,FH_15A_R*,FH_16A_R*,FH_16_5_R*,FH_16_5S_R*,FH_16_8_R*
FH_1624T024S,FH_15_10_R*,FH_16_7_R*,FH_17_1_R*,FH_15A_R*,FH_16A_R*,FH_16_5_R*,FH_16_5S_R*,FH_16_8_R*
FH_1516T006SR,FH_15_10_R*,FH_16_7_R*,FH_15A_R*,FH_15_5_R*,FH_15_5S_R*,FH_15_8_R*,FH_16A_R*
FH_1516T009SR,FH_15_10_R*,FH_16_7_R*,FH_15A_R*,FH_15_5_R*,FH_15_5S_R*,FH_15_8_R*,FH_16A_R*
FH_1516T012SR,FH_15_10_R*,FH_16_7_R*,FH_15A_R*,FH_15_5_R*,FH_15_5S_R*,FH_15_8_R*,FH_16A_R*
FH_1524T003SR,FH_15_10_R*,FH_16_7_R*,FH_15A_R*,FH_15_5_R*,FH_15_5S_R*,FH_15_8_R*,FH_16A_R*
FH_1524T006SR,FH_15_10_R*,FH_16_7_R*,FH_15A_R*,FH_15_5_R*,FH_15_5S_R*,FH_15_8_R*,FH_16A_R*
FH_1524T009SR,FH_15_10_R*,FH_16_7_R*,FH_15A_R*,FH_15_5_R*,FH_15_5S_R*,FH_15_8_R*,FH_16A_R*
FH_1524T012SR,FH_15_10_R*,FH_16_7_R*,FH_15A_R*,FH_15_5_R*,FH_15_5S_R*,FH_15_8_R*,FH_16A_R*
FH_1524T018SR,FH_15_10_R*,FH_16_7_R*,FH_15A_R*,FH_15_5_R*,FH_15_5S_R*,FH_15_8_R*,FH_16A_R*
FH_1524T024SR,FH_15_10_R*,FH_16_7_R*,FH_15A_R*,FH_15_5_R*,FH_15_5S_R*,FH_15_8_R*,FH_16A_R*
FH_1717T003SR,FH_15_10_R*,FH_16_7_R*,FH_17_1_R*,FH_15A_R*,FH_16A_R*
FH_1717T006SR,FH_15_10_R*,FH_16_7_R*,FH_17_1_R*,FH_15A_R*,FH_16A_R*
FH_1717T012SR,FH_15_10_R*,FH_16_7_R*,FH_17_1_R*,FH_15A_R*,FH_16A_R*
FH_1717T018SR,FH_15_10_R*,FH_16_7_R*,FH_17_1_R*,FH_15A_R*,FH_16A_R*
FH_1717T024SR,FH_15_10_R*,FH_16_7_R*,FH_17_1_R*,FH_15A_R*,FH_16A_R*
FH_2224U003SR,FH_20_1R_R*,FH_22F_R*,FH_22_7_R*,FH_23_1_R*,FH_22GPT_R*,FH_22E_R*,FH_22EKV_R*,FH_22_2_R*,FH_22_5_R*
FH_2224U006SR,FH_20_1R_R*,FH_22F_R*,FH_22_7_R*,FH_23_1_R*,FH_22GPT_R*,FH_22E_R*,FH_22EKV_R*,FH_22_2_R*,FH_22_5_R*
FH_2224U012SR,FH_20_1R_R*,FH_22F_R*,FH_22_7_R*,FH_23_1_R*,FH_22GPT_R*,FH_22E_R*,FH_22EKV_R*,FH_22_2_R*,FH_22_5_R*
FH_2224U018SR,FH_20_1R_R*,FH_22F_R*,FH_22_7_R*,FH_23_1_R*,FH_22GPT_R*,FH_22E_R*,FH_22EKV_R*,FH_22_2_R*,FH_22_5_R*
FH_2224U024SR,FH_20_1R_R*,FH_22F_R*,FH_22_7_R*,FH_23_1_R*,FH_22GPT_R*,FH_22E_R*,FH_22EKV_R*,FH_22_2_R*,FH_22_5_R*
FH_2224U036SR,FH_20_1R_R*,FH_22F_R*,FH_22_7_R*,FH_23_1_R*,FH_22GPT_R*,FH_22E_R*,FH_22EKV_R*,FH_22_2_R*,FH_22_5_R*
FH_1016K003SR,FH_10_1_R*,FH_12_3_R*,FH_12_4_R*,FH_12_5_R*
FH_1016K006SR,FH_10_1_R*,FH_12_3_R*,FH_12_4_R*,FH_12_5_R*
FH_1016K009SR,FH_10_1_R*,FH_12_3_R*,FH_12_4_R*,FH_12_5_R*
FH_1016K012SR,FH_10_1_R*,FH_12_3_R*,FH_12_4_R*,FH_12_5_R*
FH_1024K003SR,FH_10_1_R*,FH_12_3_R*,FH_12_4_R*,FH_12_5_R*
FH_1024K006SR,FH_10_1_R*,FH_12_3_R*,FH_12_4_R*,FH_12_5_R*
FH_1024K009SR,FH_10_1_R*,FH_12_3_R*,FH_12_4_R*,FH_12_5_R*
FH_1024K012SR,FH_10_1_R*,FH_12_3_R*,FH_12_4_R*,FH_12_5_R*
FH_1319T006SR,FH_13A_R*,FH_14_1_R*,FH_15_5_R*,FH_15_5S_R*
FH_1319T012SR,FH_13A_R*,FH_14_1_R*,FH_15_5_R*,FH_15_5S_R*
FH_1319T024SR,FH_13A_R*,FH_14_1_R*,FH_15_5_R*,FH_15_5S_R*
FH_1331T006SR,FH_13A_R*,FH_14_1_R*,FH_15_5_R*,FH_15_5S_R*
FH_1331T012SR,FH_13A_R*,FH_14_1_R*,FH_15_5_R*,FH_15_5S_R*
FH_1331T024SR,FH_13A_R*,FH_14_1_R*,FH_15_5_R*,FH_15_5S_R*
FH_1724T003SR,FH_15_10_R*,FH_16_7_R*,FH_17_1_R*,FH_15A_R*,FH_16A_R*
FH_1724T006SR,FH_15_10_R*,FH_16_7_R*,FH_17_1_R*,FH_15A_R*,FH_16A_R*
FH_1724T012SR,FH_15_10_R*,FH_16_7_R*,FH_17_1_R*,FH_15A_R*,FH_16A_R*
FH_1724T018SR,FH_15_10_R*,FH_16_7_R*,FH_17_1_R*,FH_15A_R*,FH_16A_R*
FH_1724T024SR,FH_15_10_R*,FH_16_7_R*,FH_17_1_R*,FH_15A_R*,FH_16A_R*
FH_1224N006SR,FH_10_1_R*,FH_12_3_R*,FH_12_4_R*,FH_12_5_R*
FH_1224N012SR,FH_10_1_R*,FH_12_3_R*,FH_12_4_R*,FH_12_5_R*
FH_1224N015SR,FH_10_1_R*,FH_12_3_R*,FH_12_4_R*,FH_12_5_R*
FH_2232U006SR,FH_22F_R*,FH_22_7_R*,FH_26A_R*,FH_22GPT_R*
FH_2232U009SR,FH_22F_R*,FH_22_7_R*,FH_26A_R*,FH_22GPT_R*
FH_2232U012SR,FH_22F_R*,FH_22_7_R*,FH_26A_R*,FH_22GPT_R*
FH_2232U015SR,FH_22F_R*,FH_22_7_R*,FH_26A_R*,FH_22GPT_R*
FH_2232U018SR,FH_22F_R*,FH_22_7_R*,FH_26A_R*,FH_22GPT_R*
FH_2232U024SR,FH_22F_R*,FH_22_7_R*,FH_26A_R*,FH_22GPT_R*
FH_0816K003SR,FH_08_1_R*,FH_08_2_R*,FH_08_3_R*,FH_10_1_R*
FH_0816K006SR,FH_08_1_R*,FH_08_2_R*,FH_08_3_R*,FH_10_1_R*
FH_0816K009SR,FH_08_1_R*,FH_08_2_R*,FH_08_3_R*,FH_10_1_R*
FH_0816K012SR,FH_08_1_R*,FH_08_2_R*,FH_08_3_R*,FH_10_1_R*
FH_3242G012CR,FH_32A_R*,FH_32ALN_R*,FH_32_3_R*,FH_32_3R_R*,FH_38A_R*,FH_38_1_R*,FH_38_1S_R*,FH_38_2_R*,FH_38_2S_R*,FH_32GPT_R*,FH_42GPT_R*
FH_3242G018CR,FH_32A_R*,FH_32ALN_R*,FH_32_3_R*,FH_32_3R_R*,FH_38A_R*,FH_38_1_R*,FH_38_1S_R*,FH_38_2_R*,FH_38_2S_R*,FH_32GPT_R*,FH_42GPT_R*
FH_3242G024CR,FH_32A_R*,FH_32ALN_R*,FH_32_3_R*,FH_32_3R_R*,FH_38A_R*,FH_38_1_R*,FH_38_1S_R*,FH_38_2_R*,FH_38_2S_R*,FH_32GPT_R*,FH_42GPT_R*
FH_3242G036CR,FH_32A_R*,FH_32ALN_R*,FH_32_3_R*,FH_32_3R_R*,FH_38A_R*,FH_38_1_R*,FH_38_1S_R*,FH_38_2_R*,FH_38_2S_R*,FH_32GPT_R*,FH_42GPT_R*
FH_3242G048CR,FH_32A_R*,FH_32ALN_R*,FH_32_3_R*,FH_32_3R_R*,FH_38A_R*,FH_38_1_R*,FH_38_1S_R*,FH_38_2_R*,FH_38_2S_R*,FH_32GPT_R*,FH_42GPT_R*
FH_2657W012CR,FH_26A_R*,FH_26_1_R*,FH_26_1R_R*,FH_30_1_R*,FH_30_1S_R*,FH_32A_R*,FH_22GPT_R*,FH_32GPT_R*
FH_2657W018CR,FH_26A_R*,FH_26_1_R*,FH_26_1R_R*,FH_30_1_R*,FH_30_1S_R*,FH_32A_R*,FH_22GPT_R*,FH_32GPT_R*
FH_2657W024CR,FH_26A_R*,FH_26_1_R*,FH_26_1R_R*,FH_30_1_R*,FH_30_1S_R*,FH_32A_R*,FH_22GPT_R*,FH_32GPT_R*
FH_2657W036CR,FH_26A_R*,FH_26_1_R*,FH_26_1R_R*,FH_30_1_R*,FH_30_1S_R*,FH_32A_R*,FH_22GPT_R*,FH_32GPT_R*
FH_2657W048CR,FH_26A_R*,FH_26_1_R*,FH_26_1R_R*,FH_30_1_R*,FH_30_1S_R*,FH_32A_R*,FH_22GPT_R*,FH_32GPT_R*
FH_2342S006CR,FH_22F_R*,FH_22_7_R*,FH_23_1_R*,FH_26A_R*,FH_26_1_R*,FH_26_1R_R*,FH_30_1_R*,FH_30_1S_R*,FH_22GPT_R*
FH_2342S012CR,FH_22F_R*,FH_22_7_R*,FH_23_1_R*,FH_26A_R*,FH_26_1_R*,FH_26_1R_R*,FH_30_1_R*,FH_30_1S_R*,FH_22GPT_R*
FH_2342S018CR,FH_22F_R*,FH_22_7_R*,FH_23_1_R*,FH_26A_R*,FH_26_1_R*,FH_26_1R_R*,FH_30_1_R*,FH_30_1S_R*,FH_22GPT_R*
FH_2342S024CR,FH_22F_R*,FH_22_7_R*,FH_23_1_R*,FH_26A_R*,FH_26_1_R*,FH_26_1R_R*,FH_30_1_R*,FH_30_1S_R*,FH_22GPT_R*
FH_2342S036CR,FH_22F_R*,FH_22_7_R*,FH_23_1_R*,FH_26A_R*,FH_26_1_R*,FH_26_1R_R*,FH_30_1_R*,FH_30_1S_R*,FH_22GPT_R*
FH_2342S048CR,FH_22F_R*,FH_22_7_R*,FH_23_1_R*,FH_26A_R*,FH_26_1_R*,FH_26_1R_R*,FH_30_1_R*,FH_30_1S_R*,FH_22GPT_R*
FH_3272G012CR,FH_32A_R*,FH_32ALN_R*,FH_32_3_R*,FH_32_3R_R*,FH_38A_R*,FH_38_1_R*,FH_38_1S_R*,FH_38_2_R*,FH_38_2S_R*,FH_32GPT_R*,FH_42GPT_R*
FH_3272G018CR,FH_32A_R*,FH_32ALN_R*,FH_32_3_R*,FH_32_3R_R*,FH_38A_R*,FH_38_1_R*,FH_38_1S_R*,FH_38_2_R*,FH_38_2S_R*,FH_32GPT_R*,FH_42GPT_R*
FH_3272G024CR,FH_32A_R*,FH_32ALN_R*,FH_32_3_R*,FH_32_3R_R*,FH_38A_R*,FH_38_1_R*,FH_38_1S_R*,FH_38_2_R*,FH_38_2S_R*,FH_32GPT_R*,FH_42GPT_R*
FH_3272G036CR,FH_32A_R*,FH_32ALN_R*,FH_32_3_R*,FH_32_3R_R*,FH_38A_R*,FH_38_1_R*,FH_38_1S_R*,FH_38_2_R*,FH_38_2S_R*,FH_32GPT_R*,FH_42GPT_R*
FH_3272G048CR,FH_32A_R*,FH_32ALN_R*,FH_32_3_R*,FH_32_3R_R*,FH_38A_R*,FH_38_1_R*,FH_38_1S_R*,FH_38_2_R*,FH_38_2S_R*,FH_32GPT_R*,FH_42GPT_R*
FH_3890H018CR,FH_38A_R*,FH_38_1_R*,FH_38_1S_R*,FH_38_2_R*,FH_38_2S_R*,FH_44_1_R*,FH_42GPT_R*
FH_3890H024CR,FH_38A_R*,FH_38_1_R*,FH_38_1S_R*,FH_38_2_R*,FH_38_2S_R*,FH_44_1_R*,FH_42GPT_R*
FH_3890H036CR,FH_38A_R*,FH_38_1_R*,FH_38_1S_R*,FH_38_2_R*,FH_38_2S_R*,FH_44_1_R*,FH_42GPT_R*
FH_3890H048CR,FH_38A_R*,FH_38_1_R*,FH_38_1S_R*,FH_38_2_R*,FH_38_2S_R*,FH_44_1_R*,FH_42GPT_R*
FH_3257G012CR,FH_32A_R*,FH_32ALN_R*,FH_32_3_R*,FH_32_3R_R*,FH_38A_R*,FH_38_1_R*,FH_38_1S_R*,FH_38_2_R*,FH_38_2S_R*,FH_32GPT_R*,FH_42GPT_R*
FH_3257G018CR,FH_32A_R*,FH_32ALN_R*,FH_32_3_R*,FH_32_3R_R*,FH_38A_R*,FH_38_1_R*,FH_38_1S_R*,FH_38_2_R*,FH_38_2S_R*,FH_32GPT_R*,FH_42GPT_R*
FH_3257G024CR,FH_32A_R*,FH_32ALN_R*,FH_32_3_R*,FH_32_3R_R*,FH_38A_R*,FH_38_1_R*,FH_38_1S_R*,FH_38_2_R*,FH_38_2S_R*,FH_32GPT_R*,FH_42GPT_R*
FH_3257G036CR,FH_32A_R*,FH_32ALN_R*,FH_32_3_R*,FH_32_3R_R*,FH_38A_R*,FH_38_1_R*,FH_38_1S_R*,FH_38_2_R*,FH_38_2S_R*,FH_32GPT_R*,FH_42GPT_R*
FH_3257G048CR,FH_32A_R*,FH_32ALN_R*,FH_32_3_R*,FH_32_3R_R*,FH_38A_R*,FH_38_1_R*,FH_38_1S_R*,FH_38_2_R*,FH_38_2S_R*,FH_32GPT_R*,FH_42GPT_R*
FH_2668W018CR,FH_26A_R*,FH_26_1_R*,FH_26_1R_R*,FH_30_1_R*,FH_30_1S_R*,FH_32A_R*,FH_32ALN_R*,FH_32_3_R*,FH_32_3R_R*,FH_22GPT_R*,FH_32GPT_R*
FH_2668W024CR,FH_26A_R*,FH_26_1_R*,FH_26_1R_R*,FH_30_1_R*,FH_30_1S_R*,FH_32A_R*,FH_32ALN_R*,FH_32_3_R*,FH_32_3R_R*,FH_22GPT_R*,FH_32GPT_R*
FH_2668W036CR,FH_26A_R*,FH_26_1_R*,FH_26_1R_R*,FH_30_1_R*,FH_30_1S_R*,FH_32A_R*,FH_32ALN_R*,FH_32_3_R*,FH_32_3R_R*,FH_22GPT_R*,FH_32GPT_R*
FH_2668W048CR,FH_26A_R*,FH_26_1_R*,FH_26_1R_R*,FH_30_1_R*,FH_30_1S_R*,FH_32A_R*,FH_32ALN_R*,FH_32_3_R*,FH_32_3R_R*,FH_22GPT_R*,FH_32GPT_R*
FH_3863H012CR,FH_38A_R*,FH_38_1_R*,FH_38_1S_R*,FH_38_2_R*,FH_38_2S_R*,FH_44_1_R*,FH_42GPT_R*
FH_3863H018CR,FH_38A_R*,FH_38_1_R*,FH_38_1S_R*,FH_38_2_R*,FH_38_2S_R*,FH_44_1_R*,FH_42GPT_R*
FH_3863H024CR,FH_38A_R*,FH_38_1_R*,FH_38_1S_R*,FH_38_2_R*,FH_38_2S_R*,FH_44_1_R*,FH_42GPT_R*
FH_3863H036CR,FH_38A_R*,FH_38_1_R*,FH_38_1S_R*,FH_38_2_R*,FH_38_2S_R*,FH_44_1_R*,FH_42GPT_R*
FH_3863H048CR,FH_38A_R*,FH_38_1_R*,FH_38_1S_R*,FH_38_2_R*,FH_38_2S_R*,FH_44_1_R*,FH_42GPT_R*
FH_2642W012CR,FH_26A_R*,FH_26_1_R*,FH_26_1R_R*,FH_30_1_R*,FH_30_1S_R*,FH_32A_R*,FH_22GPT_R*,FH_32GPT_R*
FH_2642W018CR,FH_26A_R*,FH_26_1_R*,FH_26_1R_R*,FH_30_1_R*,FH_30_1S_R*,FH_32A_R*,FH_22GPT_R*,FH_32GPT_R*
FH_2642W024CR,FH_26A_R*,FH_26_1_R*,FH_26_1R_R*,FH_30_1_R*,FH_30_1S_R*,FH_32A_R*,FH_22GPT_R*,FH_32GPT_R*
FH_2642W036CR,FH_26A_R*,FH_26_1_R*,FH_26_1R_R*,FH_30_1_R*,FH_30_1S_R*,FH_32A_R*,FH_22GPT_R*,FH_32GPT_R*
FH_2642W048CR,FH_26A_R*,FH_26_1_R*,FH_26_1R_R*,FH_30_1_R*,FH_30_1S_R*,FH_32A_R*,FH_22GPT_R*,FH_32GPT_R*
FH_2607T006SR
FH_2607T012SR
FH_2607T024SR
FH_1506N003SR
FH_1506N006SR
FH_1506N012SR
